chartId	FundId	Return	Volatility
119	1	0.303739275	0.045788029
119	2	0.340259329	0.056684527
119	3	0.244538056	0.044776268
119	4	0.379326509	0.05526936
119	5	0.269164078	0.048254073
120	1	0.212006856	0.045515668
120	2	0.404000212	0.049965404
120	3	0.416953391	0.050843349
120	4	0.451333469	0.040626584
666	1	0.417259534	0.051285696
666	2	0.21576762	0.047812899
666	3	0.420633734	0.040486482
666	4	0.22950049	0.059180818
666	5	0.485586939	0.047515184
